<?xml version="1.0" encoding="UTF-8"?><!-- edited with XMLSPY v2004 rel. 3 U (http://www.xmlspy.com) by Nick js Knowles (Kizoom Ltd.) --><!--Tom White, Kizoom, 8 June 2004Based on Sample Timetables supplied by Matt Francis, AIM, 23 January 2004.2006 12 29 	revised to add  frequent services--><TransXChange xmlns="http://www.transxchange.org.uk/" xmlns:xsi="http://www.w3.org/2001/XMLSchema-instance" xsi:schemaLocation="http://www.transxchange.org.uk/http://www.transxchange.org.uk/schema/2.1/TransXChange_general.xsd" xmlns:apd="http://www.govtalk.gov.uk/people/AddressAndPersonalDetails" xml:lang="en" CreationDateTime="2004-06-08T14:20:00-05:00" ModificationDateTime="2004-06-08T14:20:00-05:00" Modification="new" RevisionNumber="0" FileName="cloverleaf.xml" SchemaVersion="2.1">	<StopPoints>		<AnnotatedStopPointRef>			<StopPointRef>9990000001</StopPointRef>			<CommonName>Bus Station</CommonName>			<LocalityName>Tweeham</LocalityName>		</AnnotatedStopPointRef>		<AnnotatedStopPointRef>			<StopPointRef>9990000002</StopPointRef>			<CommonName>High St</CommonName>			<LocalityName>Tweeham</LocalityName>		</AnnotatedStopPointRef>		<AnnotatedStopPointRef>			<StopPointRef>9990000003</StopPointRef>			<CommonName>Market St</CommonName>			<LocalityName>Tweeham</LocalityName>		</AnnotatedStopPointRef>		<AnnotatedStopPointRef>			<StopPointRef>9990000004</StopPointRef>			<CommonName>School</CommonName>			<LocalityName>Tweeham</LocalityName>		</AnnotatedStopPointRef>		<AnnotatedStopPointRef>			<StopPointRef>9990000005</StopPointRef>			<CommonName>Hospital</CommonName>			<LocalityName>Tweeham</LocalityName>		</AnnotatedStopPointRef>		<AnnotatedStopPointRef>			<StopPointRef>9990000006</StopPointRef>			<CommonName>Library</CommonName>			<LocalityName>Tweeham</LocalityName>		</AnnotatedStopPointRef>	</StopPoints>	<RouteSections>		<RouteSection id="RS1">			<!-- Bus Station to High St -->			<RouteLink id="RL1">				<From>					<StopPointRef>9990000001</StopPointRef>				</From>				<To>					<StopPointRef>9990000002</StopPointRef>				</To>				<Distance>200</Distance>				<Direction>clockwise</Direction>			</RouteLink>			<!-- High St to Market St -->			<RouteLink id="RL2">				<From>					<StopPointRef>9990000002</StopPointRef>				</From>				<To>					<StopPointRef>9990000003</StopPointRef>				</To>				<Distance>500</Distance>				<Direction>clockwise</Direction>			</RouteLink>			<!-- Market St to Bus Station -->			<RouteLink id="RL3">				<From>					<StopPointRef>9990000003</StopPointRef>				</From>				<To>					<StopPointRef>9990000001</StopPointRef>				</To>				<Distance>2000</Distance>				<Direction>clockwise</Direction>			</RouteLink>		</RouteSection>		<RouteSection id="RS2">			<!-- Bus Station to School -->			<RouteLink id="RL4">				<From>					<StopPointRef>9990000001</StopPointRef>				</From>				<To>					<StopPointRef>9990000004</StopPointRef>				</To>				<Distance>200</Distance>				<Direction>clockwise</Direction>			</RouteLink>			<!-- School to Hospital -->			<RouteLink id="RL5">				<From>					<StopPointRef>9990000004</StopPointRef>				</From>				<To>					<StopPointRef>9990000005</StopPointRef>				</To>				<Distance>1500</Distance>				<Direction>clockwise</Direction>			</RouteLink>			<!-- Hospital to Bus Station -->			<RouteLink id="RL6">				<From>					<StopPointRef>9990000005</StopPointRef>				</From>				<To>					<StopPointRef>9990000001</StopPointRef>				</To>				<Distance>1500</Distance>				<Direction>clockwise</Direction>			</RouteLink>		</RouteSection>		<RouteSection id="RS3">			<!-- Bus Station to School -->			<RouteLink id="RL7">				<From>					<StopPointRef>9990000001</StopPointRef>				</From>				<To>					<StopPointRef>9990000006</StopPointRef>				</To>				<Distance>200</Distance>				<Direction>clockwise</Direction>			</RouteLink>			<!-- Library to Bus Station -->			<RouteLink id="RL8">				<From>					<StopPointRef>9990000006</StopPointRef>				</From>				<To>					<StopPointRef>9990000001</StopPointRef>				</To>				<Distance>1500</Distance>				<Direction>clockwise</Direction>			</RouteLink>		</RouteSection>	</RouteSections>	<Routes>		<Route id="R1">			<Description xml:lang="en">First petal: via High Street</Description>			<RouteSectionRef>RS1</RouteSectionRef>		</Route>		<Route id="R2">			<Description xml:lang="en">Second petal: via School</Description>			<RouteSectionRef>RS2</RouteSectionRef>		</Route>		<Route id="R3">			<Description xml:lang="en">Third petal: via Library</Description>			<RouteSectionRef>RS3</RouteSectionRef>		</Route>		<Route id="R4">			<Description xml:lang="en">First and third petal</Description>			<RouteSectionRef>RS1</RouteSectionRef>			<RouteSectionRef>RS3</RouteSectionRef>		</Route>		<Route id="R5">			<Description xml:lang="en">All petals</Description>			<RouteSectionRef>RS1</RouteSectionRef>			<RouteSectionRef>RS2</RouteSectionRef>			<RouteSectionRef>RS3</RouteSectionRef>		</Route>	</Routes>	<JourneyPatternSections>		<JourneyPatternSection id="JPS1">			<!-- Bus Station to High St -->			<JourneyPatternTimingLink id="JPTL1">				<From SequenceNumber="1">					<DynamicDestinationDisplay>Market Street</DynamicDestinationDisplay>					<StopPointRef>9990000001</StopPointRef>					<TimingStatus>PTP</TimingStatus>				</From>				<To SequenceNumber="2">					<DynamicDestinationDisplay>Market Street</DynamicDestinationDisplay>					<StopPointRef>9990000002</StopPointRef>					<TimingStatus>PTP</TimingStatus>				</To>				<RouteLinkRef>RL1</RouteLinkRef>				<Direction>clockwise</Direction>				<RunTime>PT3M</RunTime>			</JourneyPatternTimingLink>			<!-- High St to Market St -->			<JourneyPatternTimingLink id="JPTL2">				<From SequenceNumber="2">					<DynamicDestinationDisplay>Market Street</DynamicDestinationDisplay>					<StopPointRef>9990000002</StopPointRef>					<TimingStatus>PTP</TimingStatus>				</From>				<To SequenceNumber="3">					<DynamicDestinationDisplay>Bus Station</DynamicDestinationDisplay>					<StopPointRef>9990000003</StopPointRef>					<TimingStatus>PTP</TimingStatus>				</To>				<RouteLinkRef>RL2</RouteLinkRef>				<Direction>clockwise</Direction>				<RunTime>PT4M</RunTime>			</JourneyPatternTimingLink>			<!-- Market St to Bus Station -->			<JourneyPatternTimingLink id="JPTL3">				<From SequenceNumber="3">					<DynamicDestinationDisplay>Bus Station</DynamicDestinationDisplay>					<StopPointRef>9990000003</StopPointRef>					<TimingStatus>PTP</TimingStatus>				</From>				<To SequenceNumber="4">					<DynamicDestinationDisplay>Hospital</DynamicDestinationDisplay>					<StopPointRef>9990000001</StopPointRef>					<TimingStatus>PTP</TimingStatus>				</To>				<RouteLinkRef>RL3</RouteLinkRef>				<Direction>clockwise</Direction>				<RunTime>PT13M</RunTime>			</JourneyPatternTimingLink>		</JourneyPatternSection>		<JourneyPatternSection id="JPS2">			<!-- Bus Station to School -->			<JourneyPatternTimingLink id="JPTL4">				<From SequenceNumber="4">					<DynamicDestinationDisplay>Hospital</DynamicDestinationDisplay>					<StopPointRef>9990000001</StopPointRef>					<TimingStatus>PTP</TimingStatus>				</From>				<To SequenceNumber="5">					<DynamicDestinationDisplay>Hospital</DynamicDestinationDisplay>					<StopPointRef>9990000004</StopPointRef>					<TimingStatus>PTP</TimingStatus>				</To>				<RouteLinkRef>RL4</RouteLinkRef>				<Direction>clockwise</Direction>				<RunTime>PT9M</RunTime>			</JourneyPatternTimingLink>			<!-- School to Hospital-->			<JourneyPatternTimingLink id="JPTL5">				<From SequenceNumber="5">					<DynamicDestinationDisplay>Hospital</DynamicDestinationDisplay>					<StopPointRef>9990000004</StopPointRef>					<TimingStatus>PTP</TimingStatus>				</From>				<To SequenceNumber="6">					<DynamicDestinationDisplay>Bus Station</DynamicDestinationDisplay>					<StopPointRef>9990000005</StopPointRef>					<TimingStatus>PTP</TimingStatus>				</To>				<RouteLinkRef>RL5</RouteLinkRef>				<Direction>clockwise</Direction>				<RunTime>PT19M</RunTime>			</JourneyPatternTimingLink>			<!-- Hospital to Bus Station -->			<JourneyPatternTimingLink id="JPTL6">				<From SequenceNumber="6">					<DynamicDestinationDisplay>Bus Station</DynamicDestinationDisplay>					<StopPointRef>9990000005</StopPointRef>					<TimingStatus>PTP</TimingStatus>				</From>				<To SequenceNumber="7">					<DynamicDestinationDisplay>Library</DynamicDestinationDisplay>					<StopPointRef>9990000001</StopPointRef>					<TimingStatus>PTP</TimingStatus>				</To>				<RouteLinkRef>RL6</RouteLinkRef>				<Direction>clockwise</Direction>				<RunTime>PT12M</RunTime>			</JourneyPatternTimingLink>		</JourneyPatternSection>		<JourneyPatternSection id="JPS3">			<!-- Bus Station to Library -->			<JourneyPatternTimingLink id="JPTL7">				<From SequenceNumber="7">					<DynamicDestinationDisplay>Library</DynamicDestinationDisplay>					<StopPointRef>9990000001</StopPointRef>					<TimingStatus>PTP</TimingStatus>				</From>				<To SequenceNumber="8">					<DynamicDestinationDisplay>Bus Station</DynamicDestinationDisplay>					<StopPointRef>9990000006</StopPointRef>					<TimingStatus>PTP</TimingStatus>				</To>				<RouteLinkRef>RL7</RouteLinkRef>				<Direction>clockwise</Direction>				<RunTime>PT19M</RunTime>			</JourneyPatternTimingLink>			<!-- Library to Bus Station -->			<JourneyPatternTimingLink id="JPTL8">				<From SequenceNumber="8">					<DynamicDestinationDisplay>Bus Station</DynamicDestinationDisplay>					<StopPointRef>9990000006</StopPointRef>					<TimingStatus>PTP</TimingStatus>				</From>				<To SequenceNumber="9">					<DynamicDestinationDisplay>Market Street</DynamicDestinationDisplay>					<StopPointRef>9990000001</StopPointRef>					<TimingStatus>PTP</TimingStatus>				</To>				<RouteLinkRef>RL8</RouteLinkRef>				<Direction>clockwise</Direction>				<RunTime>PT12M</RunTime>			</JourneyPatternTimingLink>		</JourneyPatternSection>	</JourneyPatternSections>	<Operators>		<Operator id="O1">			<NationalOperatorCode>Amphi</NationalOperatorCode>			<OperatorShortName>Amphisbaena</OperatorShortName>			<OperatorNameOnLicence>Amphisbaena Buses</OperatorNameOnLicence>		</Operator>	</Operators>	<!-- ===SERVICES====================================================== -->	<Services>		<Service>			<ServiceCode>S1</ServiceCode>			<Lines>				<Line id="L1">					<LineName>1</LineName>				</Line>			</Lines>			<OperatingPeriod>				<StartDate>2004-01-01</StartDate>				<EndDate>2004-06-13</EndDate>			</OperatingPeriod>			<OperatingProfile>				<RegularDayType>					<DaysOfWeek>						<MondayToSunday/>					</DaysOfWeek>				</RegularDayType>			</OperatingProfile>			<ServiceClassification>				<NormalStopping/>			</ServiceClassification>			<RegisteredOperatorRef>O1</RegisteredOperatorRef>			<StopRequirements>				<NoNewStopsRequired/>			</StopRequirements>			<Description>Line 1, the round Tweeham gyratory service. Daily Service all year round.</Description>			<SchematicMap>cloverleaf.gif</SchematicMap>			<StandardService>				<Origin>Bus Station</Origin>				<Destination>Bus Station</Destination>				<UseAllStopPoints>false</UseAllStopPoints>				<JourneyPattern id="JP1">					<RouteRef>R1</RouteRef>					<JourneyPatternSectionRefs>JPS1</JourneyPatternSectionRefs>				</JourneyPattern>				<JourneyPattern id="JP2">					<RouteRef>R2</RouteRef>					<JourneyPatternSectionRefs>JPS2</JourneyPatternSectionRefs>				</JourneyPattern>				<JourneyPattern id="JP3">					<RouteRef>R3</RouteRef>					<JourneyPatternSectionRefs>JPS3</JourneyPatternSectionRefs>				</JourneyPattern>				<JourneyPattern id="JP4">					<RouteRef>R4</RouteRef>					<JourneyPatternSectionRefs>JPS1</JourneyPatternSectionRefs>					<JourneyPatternSectionRefs>JPS3</JourneyPatternSectionRefs>				</JourneyPattern>				<JourneyPattern id="JP5">					<RouteRef>R5</RouteRef>					<JourneyPatternSectionRefs>JPS1</JourneyPatternSectionRefs>					<JourneyPatternSectionRefs>JPS2</JourneyPatternSectionRefs>					<JourneyPatternSectionRefs>JPS3</JourneyPatternSectionRefs>				</JourneyPattern>			</StandardService>			<Direction>clockwise</Direction>		</Service>	</Services>	<VehicleJourneys>		<VehicleJourney>			<VehicleJourneyCode>VJ1</VehicleJourneyCode>			<ServiceRef>S1</ServiceRef>			<LineRef>L1</LineRef>			<JourneyPatternRef>JP3</JourneyPatternRef>			<DepartureTime>11:00:00</DepartureTime>		</VehicleJourney>		<VehicleJourney>			<VehicleJourneyCode>VJ2</VehicleJourneyCode>			<ServiceRef>S1</ServiceRef>			<LineRef>L1</LineRef>			<JourneyPatternRef>JP5</JourneyPatternRef>			<DepartureTime>11:00:00</DepartureTime>			<Frequency>				<EndTime>12:00:00</EndTime>				<Interval>					<ScheduledFrequency>PT05M</ScheduledFrequency>				</Interval>				<FrequentService>true</FrequentService>			</Frequency>		</VehicleJourney>		<VehicleJourney>			<VehicleJourneyCode>VJ3</VehicleJourneyCode>			<ServiceRef>S1</ServiceRef>			<LineRef>L1</LineRef>			<JourneyPatternRef>JP5</JourneyPatternRef>			<DepartureTime>12:00:00</DepartureTime>			<Frequency>				<EndTime>13:00:00</EndTime>				<Interval>					<ScheduledFrequency>PT07M</ScheduledFrequency>					<MaximumFrequency>PT03M</MaximumFrequency>				</Interval>				<FrequentService>true</FrequentService>			</Frequency>		</VehicleJourney>		<VehicleJourney>			<VehicleJourneyCode>VJ4</VehicleJourneyCode>			<ServiceRef>S1</ServiceRef>			<LineRef>L1</LineRef>			<JourneyPatternRef>JP4</JourneyPatternRef>			<DepartureTime>13:00:00</DepartureTime>			<Frequency>				<EndTime>14:00:00</EndTime>				<Interval>					<ScheduledFrequency>PT08M</ScheduledFrequency>					<MaximumFrequency>PT07M</MaximumFrequency>				</Interval>				<FrequentService>true</FrequentService>			</Frequency>		</VehicleJourney>		<VehicleJourney>			<VehicleJourneyCode>VJ5</VehicleJourneyCode>			<ServiceRef>S1</ServiceRef>			<LineRef>L1</LineRef>			<JourneyPatternRef>JP4</JourneyPatternRef>			<DepartureTime>14:00:00</DepartureTime>			<Frequency>				<EndTime>15:00:00</EndTime>				<Interval>					<ScheduledFrequency>PT06M</ScheduledFrequency>					<MinimumFrequency>PT10M</MinimumFrequency>					<MaximumFrequency>PT04M</MaximumFrequency>				</Interval>				<FrequentService>true</FrequentService>			</Frequency>		</VehicleJourney>		<VehicleJourney>			<VehicleJourneyCode>VJ6</VehicleJourneyCode>			<ServiceRef>S1</ServiceRef>			<LineRef>L1</LineRef>			<JourneyPatternRef>JP1</JourneyPatternRef>			<DepartureTime>15:00:00</DepartureTime>		</VehicleJourney>	</VehicleJourneys>	<SupportingDocuments>		<SupportingDocument>			<DocumentUri>index.html</DocumentUri>		</SupportingDocument>		<SupportingDocument>			<DocumentUri>SampleTimetables.doc</DocumentUri>		</SupportingDocument>	</SupportingDocuments></TransXChange>