<?xml version="1.0" encoding="UTF-8"?><!-- edited with XMLSPY v2004 rel. 4 U (http://www.xmlspy.com) by nick knowles (kizoom) --><!--Tom White, Kizoom, 9 June 2004Based on an example timetable in the TransXChange Schema User Guide.12007 01 21       Update to have zero duration  PT00M  for some timing links  --><TransXChange xmlns="http://www.transxchange.org.uk/" xmlns:xsi="http://www.w3.org/2001/XMLSchema-instance" xsi:schemaLocation="http://www.transxchange.org.uk/http://www.transxchange.org.uk/schema/2.1/TransXChange_registration.xsd" xmlns:apd="http://www.govtalk.gov.uk/people/AddressAndPersonalDetails" xml:lang="en" CreationDateTime="2004-06-09T14:20:00-05:00" ModificationDateTime="2004-06-09T14:20:00-05:00" Modification="new" RevisionNumber="0" FileName="large.xml" SchemaVersion="2.1" MappingSystem="TOID" LocationSystem="Grid" RegistrationDocument="true">	<NptgLocalities>		<AnnotatedNptgLocalityRef>			<NptgLocalityRef>E0000004</NptgLocalityRef>			<LocalityName>Suborn</LocalityName>		</AnnotatedNptgLocalityRef>	</NptgLocalities>	<StopPoints>		<StopPoint CreationDateTime="2004-06-09T14:20:00-05:00">			<AtcoCode>0600000001</AtcoCode>			<Descriptor>				<CommonName>Suborn Bus Station</CommonName>				<Landmark>Bus Station</Landmark>				<Street>High Street</Street>			</Descriptor>			<Place>				<NptgLocalityRef>E0000004</NptgLocalityRef>				<Location>					<Easting>523400</Easting>					<Northing>178600</Northing>				</Location>			</Place>			<StopClassification>				<StopType>BCT</StopType>				<OnStreet>					<Bus>						<BusStopType>MKD</BusStopType>						<TimingStatus>PTP</TimingStatus>						<MarkedPoint>							<DefaultWaitTime>PT0M</DefaultWaitTime>							<Bearing>								<CompassPoint>N</CompassPoint>							</Bearing>						</MarkedPoint>					</Bus>				</OnStreet>			</StopClassification>			<StopAreas>				<StopAreaRef>060G000001</StopAreaRef>			</StopAreas>			<AdministrativeAreaRef>060</AdministrativeAreaRef>		</StopPoint>		<AnnotatedStopPointRef>			<StopPointRef>0600000002</StopPointRef>			<CommonName>Garden Village Shops</CommonName>			<LocalityName>Suborn</LocalityName>		</AnnotatedStopPointRef>		<AnnotatedStopPointRef>			<StopPointRef>0600000003</StopPointRef>			<CommonName>Plough</CommonName>			<LocalityName>Suborn</LocalityName>		</AnnotatedStopPointRef>		<AnnotatedStopPointRef>			<StopPointRef>0600000004</StopPointRef>			<CommonName>Red Lion</CommonName>			<LocalityName>Suborn</LocalityName>		</AnnotatedStopPointRef>		<AnnotatedStopPointRef>			<StopPointRef>0600000005</StopPointRef>			<CommonName>Golden Lion</CommonName>			<LocalityName>Suborn</LocalityName>		</AnnotatedStopPointRef>		<AnnotatedStopPointRef>			<StopPointRef>0600000011</StopPointRef>			<CommonName>Paradise</CommonName>			<LocalityName>Suborn</LocalityName>		</AnnotatedStopPointRef>		<AnnotatedStopPointRef>			<StopPointRef>0600000012</StopPointRef>			<CommonName>Kensal Green</CommonName>			<LocalityName>Suborn</LocalityName>		</AnnotatedStopPointRef>		<AnnotatedStopPointRef>			<StopPointRef>0600000013</StopPointRef>			<CommonName>Much Binding</CommonName>			<LocalityName>Suborn</LocalityName>		</AnnotatedStopPointRef>		<AnnotatedStopPointRef>			<StopPointRef>0600000014</StopPointRef>			<CommonName>Village Hall</CommonName>			<LocalityName>Suborn</LocalityName>		</AnnotatedStopPointRef>		<AnnotatedStopPointRef>			<StopPointRef>0600000015</StopPointRef>			<CommonName>War Memorial</CommonName>			<LocalityName>Suborn</LocalityName>		</AnnotatedStopPointRef>		<AnnotatedStopPointRef>			<StopPointRef>0600000016</StopPointRef>			<CommonName>The Cricketers</CommonName>			<LocalityName>Suborn</LocalityName>		</AnnotatedStopPointRef>		<AnnotatedStopPointRef>			<StopPointRef>0600000017</StopPointRef>			<CommonName>Thirkhill Drive</CommonName>			<LocalityName>Suborn</LocalityName>		</AnnotatedStopPointRef>		<AnnotatedStopPointRef>			<StopPointRef>0600000018</StopPointRef>			<CommonName>Woolworths</CommonName>			<LocalityName>Suborn</LocalityName>		</AnnotatedStopPointRef>		<AnnotatedStopPointRef>			<StopPointRef>0600000019</StopPointRef>			<CommonName>Police Station</CommonName>			<LocalityName>Suborn</LocalityName>		</AnnotatedStopPointRef>		<AnnotatedStopPointRef>			<StopPointRef>0600000020</StopPointRef>			<CommonName>Mattmans Garage</CommonName>			<LocalityName>Suborn</LocalityName>		</AnnotatedStopPointRef>		<AnnotatedStopPointRef>			<StopPointRef>0600000021</StopPointRef>			<CommonName>Nelson Mandela Way</CommonName>			<LocalityName>Grassy Knowle</LocalityName>		</AnnotatedStopPointRef>		<AnnotatedStopPointRef>			<StopPointRef>0600000022</StopPointRef>			<CommonName>Robinsons Store</CommonName>			<LocalityName>Grassy Knowle</LocalityName>		</AnnotatedStopPointRef>		<AnnotatedStopPointRef>			<StopPointRef>0600000023</StopPointRef>			<CommonName>Post Office</CommonName>			<LocalityName>Grassy Knowle</LocalityName>		</AnnotatedStopPointRef>		<AnnotatedStopPointRef>			<StopPointRef>0600000024</StopPointRef>			<CommonName>High Street</CommonName>			<LocalityName>Grassy Knowle</LocalityName>		</AnnotatedStopPointRef>		<AnnotatedStopPointRef>			<StopPointRef>0600000025</StopPointRef>			<CommonName>Badgett</CommonName>			<LocalityName>Grassy Knowle</LocalityName>		</AnnotatedStopPointRef>		<AnnotatedStopPointRef>			<StopPointRef>0600000026</StopPointRef>			<CommonName>Gropers Corner</CommonName>			<LocalityName>Grassy Knowle</LocalityName>		</AnnotatedStopPointRef>		<AnnotatedStopPointRef>			<StopPointRef>0600000027</StopPointRef>			<CommonName>Hughes Hall</CommonName>			<LocalityName>Grassy Knowle</LocalityName>		</AnnotatedStopPointRef>		<AnnotatedStopPointRef>			<StopPointRef>0600000028</StopPointRef>			<CommonName>Snow Hill</CommonName>			<LocalityName>Grassy Knowle</LocalityName>		</AnnotatedStopPointRef>		<AnnotatedStopPointRef>			<StopPointRef>0600000029</StopPointRef>			<CommonName>The Jolly Roger</CommonName>			<LocalityName>Grassy Knowle</LocalityName>		</AnnotatedStopPointRef>		<AnnotatedStopPointRef>			<StopPointRef>0600000030</StopPointRef>			<CommonName>Gibbards Cross</CommonName>			<LocalityName>Grassy Knowle</LocalityName>		</AnnotatedStopPointRef>		<AnnotatedStopPointRef>			<StopPointRef>0600000031</StopPointRef>			<CommonName>White Water</CommonName>			<LocalityName>Grassy Knowle</LocalityName>		</AnnotatedStopPointRef>		<AnnotatedStopPointRef>			<StopPointRef>0600000032</StopPointRef>			<CommonName>Key Holme</CommonName>			<LocalityName>Grassy Knowle</LocalityName>		</AnnotatedStopPointRef>		<AnnotatedStopPointRef>			<StopPointRef>0600000033</StopPointRef>			<CommonName>Grassy Knowle</CommonName>			<LocalityName>Grassy Knowle</LocalityName>		</AnnotatedStopPointRef>		<AnnotatedStopPointRef>			<StopPointRef>0600000034</StopPointRef>			<CommonName>Hughes Library</CommonName>			<LocalityName>Grassy Knowle</LocalityName>		</AnnotatedStopPointRef>		<AnnotatedStopPointRef>			<StopPointRef>0600000036</StopPointRef>			<CommonName>Dixon's</CommonName>			<LocalityName>Grassy Knowle</LocalityName>		</AnnotatedStopPointRef>		<AnnotatedStopPointRef>			<StopPointRef>0600000037</StopPointRef>			<CommonName>St James's Church</CommonName>			<LocalityName>Grassy Knowle</LocalityName>		</AnnotatedStopPointRef>	</StopPoints>	<StopAreas>		<StopArea CreationDateTime="2004-06-09T14:20:00-05:00">			<StopAreaCode>060G000001</StopAreaCode>			<Name>Suborn Bus Station</Name>			<AdministrativeAreaRef>060</AdministrativeAreaRef>			<StopAreaType>GPBS</StopAreaType>			<Location>				<Easting>523400</Easting>				<Northing>178600</Northing>			</Location>		</StopArea>	</StopAreas>	<RouteSections>		<RouteSection id="rs_1">			<RouteLink id="rl_1">				<From>					<StopPointRef>0600000001</StopPointRef>				</From>				<To>					<StopPointRef>0600000002</StopPointRef>				</To>				<Distance>5573</Distance>				<Track>					<Mapping>						<Location id="g_1">							<Easting>523400</Easting>							<Northing>178600</Northing>						</Location>						<Location id="g_2">							<Easting>524000</Easting>							<Northing>178700</Northing>						</Location>						<Location id="g_3">							<Easting>524100</Easting>							<Northing>178700</Northing>						</Location>						<Location id="g_4">							<Easting>524200</Easting>							<Northing>178700</Northing>						</Location>					</Mapping>					<MapSystemReference MappingSystem="TOID">06756201</MapSystemReference>					<Instructions>						<Feature>							<LocationRef>g_1</LocationRef>							<FeatureType>legOrigin</FeatureType>							<RelativeBearing>straightAhead</RelativeBearing>							<RoadNumber>A57</RoadNumber>						</Feature>					</Instructions>				</Track>			</RouteLink>			<RouteLink id="rl_2">				<From>					<StopPointRef>0600000002</StopPointRef>				</From>				<To>					<StopPointRef>0600000003</StopPointRef>				</To>				<Distance>4512</Distance>				<Track>					<Mapping>						<Location id="g_4">							<Easting>524200</Easting>							<Northing>178700</Northing>						</Location>						<Location id="g_5">							<Easting>524200</Easting>							<Northing>178800</Northing>						</Location>						<Location id="g_6">							<Easting>524200</Easting>							<Northing>178900</Northing>						</Location>					</Mapping>					<MapSystemReference MappingSystem="TOID">06756234</MapSystemReference>					<Instructions>						<Feature>							<LocationRef>g_4</LocationRef>							<FeatureType>legOrigin</FeatureType>							<RelativeBearing>straightAhead</RelativeBearing>							<RoadNumber>A57</RoadNumber>						</Feature>					</Instructions>				</Track>				<Track>					<Mapping>						<Location id="g_6">							<Easting>524200</Easting>							<Northing>178900</Northing>						</Location>						<Location id="g_7">							<Easting>524300</Easting>							<Northing>178900</Northing>						</Location>						<Location id="g_8">							<Easting>524400</Easting>							<Northing>178900</Northing>						</Location>					</Mapping>					<MapSystemReference MappingSystem="TOID">06756235</MapSystemReference>					<Instructions>						<Feature>							<LocationRef>g_6</LocationRef>							<FeatureType>junction</FeatureType>							<RelativeBearing>straightAhead</RelativeBearing>							<RoadNumber>B256</RoadNumber>						</Feature>					</Instructions>				</Track>			</RouteLink>			<RouteLink id="rl_3">				<From>					<StopPointRef>0600000003</StopPointRef>				</From>				<To>					<StopPointRef>0600000004</StopPointRef>				</To>				<Distance>6046</Distance>				<Track>					<Mapping>						<Location id="g_8">							<Easting>524400</Easting>							<Northing>178900</Northing>						</Location>						<Location id="g_9">							<Easting>524400</Easting>							<Northing>179000</Northing>						</Location>						<Location id="g_10">							<Easting>524400</Easting>							<Northing>179100</Northing>						</Location>						<Location id="g_11">							<Easting>524400</Easting>							<Northing>179200</Northing>						</Location>						<Location id="g_12">							<Easting>524400</Easting>							<Northing>179300</Northing>						</Location>					</Mapping>				</Track>			</RouteLink>			<RouteLink id="rl_4">				<From>					<StopPointRef>0600000004</StopPointRef>				</From>				<To>					<StopPointRef>0600000005</StopPointRef>				</To>				<Distance>2520</Distance>				<Track>					<Mapping>						<Location id="g_12">							<Easting>524400</Easting>							<Northing>179300</Northing>						</Location>						<Location id="g_13">							<Easting>526400</Easting>							<Northing>179000</Northing>						</Location>						<Location id="g_14">							<Easting>527000</Easting>							<Northing>179100</Northing>						</Location>					</Mapping>					<MapSystemReference MappingSystem="TOID">06756236</MapSystemReference>				</Track>			</RouteLink>			<RouteLink id="rl_5">				<From>					<StopPointRef>0600000005</StopPointRef>				</From>				<To>					<StopPointRef>0600000011</StopPointRef>				</To>				<Distance>3247</Distance>				<Track>					<Mapping>						<Location id="g_14">							<Easting>527000</Easting>							<Northing>179100</Northing>						</Location>						<Location id="g_15">							<Easting>531000</Easting>							<Northing>176400</Northing>						</Location>					</Mapping>					<MapSystemReference MappingSystem="TOID">06756236</MapSystemReference>				</Track>			</RouteLink>		</RouteSection>		<RouteSection id="rs_2">			<RouteLink id="rl_2_1">				<From>					<StopPointRef>0600000011</StopPointRef>				</From>				<To>					<StopPointRef>0600000012</StopPointRef>				</To>				<Distance>3573</Distance>			</RouteLink>			<RouteLink id="rl_2_2">				<From>					<StopPointRef>0600000012</StopPointRef>				</From>				<To>					<StopPointRef>0600000013</StopPointRef>				</To>				<Distance>2512</Distance>			</RouteLink>			<RouteLink id="rl_2_3">				<From>					<StopPointRef>0600000013</StopPointRef>				</From>				<To>					<StopPointRef>0600000014</StopPointRef>				</To>				<Distance>6046</Distance>			</RouteLink>			<RouteLink id="rl_2_4">				<From>					<StopPointRef>0600000014</StopPointRef>				</From>				<To>					<StopPointRef>0600000015</StopPointRef>				</To>				<Distance>3520</Distance>			</RouteLink>			<RouteLink id="rl_2_5">				<From>					<StopPointRef>0600000015</StopPointRef>				</From>				<To>					<StopPointRef>0600000016</StopPointRef>				</To>				<Distance>3516</Distance>			</RouteLink>			<RouteLink id="rl_2_6">				<From>					<StopPointRef>0600000016</StopPointRef>				</From>				<To>					<StopPointRef>0600000017</StopPointRef>				</To>				<Distance>3516</Distance>			</RouteLink>			<RouteLink id="rl_2_7">				<From>					<StopPointRef>0600000017</StopPointRef>				</From>				<To>					<StopPointRef>0600000018</StopPointRef>				</To>				<Distance>3516</Distance>			</RouteLink>			<RouteLink id="rl_2_8">				<From>					<StopPointRef>0600000018</StopPointRef>				</From>				<To>					<StopPointRef>0600000019</StopPointRef>				</To>				<Distance>3516</Distance>			</RouteLink>			<RouteLink id="rl_2_9">				<From>					<StopPointRef>0600000019</StopPointRef>				</From>				<To>					<StopPointRef>0600000020</StopPointRef>				</To>				<Distance>3516</Distance>			</RouteLink>			<RouteLink id="rl_2_10">				<From>					<StopPointRef>0600000020</StopPointRef>				</From>				<To>					<StopPointRef>0600000021</StopPointRef>				</To>				<Distance>3516</Distance>			</RouteLink>			<RouteLink id="rl_2_11">				<From>					<StopPointRef>0600000021</StopPointRef>				</From>				<To>					<StopPointRef>0600000022</StopPointRef>				</To>				<Distance>4516</Distance>			</RouteLink>			<RouteLink id="rl_2_12">				<From>					<StopPointRef>0600000022</StopPointRef>				</From>				<To>					<StopPointRef>0600000023</StopPointRef>				</To>				<Distance>4516</Distance>			</RouteLink>			<RouteLink id="rl_2_13">				<From>					<StopPointRef>0600000023</StopPointRef>				</From>				<To>					<StopPointRef>0600000024</StopPointRef>				</To>				<Distance>6046</Distance>			</RouteLink>			<RouteLink id="rl_2_14">				<From>					<StopPointRef>0600000024</StopPointRef>				</From>				<To>					<StopPointRef>0600000025</StopPointRef>				</To>				<Distance>3520</Distance>			</RouteLink>			<RouteLink id="rl_2_15">				<From>					<StopPointRef>0600000025</StopPointRef>				</From>				<To>					<StopPointRef>0600000026</StopPointRef>				</To>				<Distance>3516</Distance>			</RouteLink>			<RouteLink id="rl_2_16">				<From>					<StopPointRef>0600000026</StopPointRef>				</From>				<To>					<StopPointRef>0600000027</StopPointRef>				</To>				<Distance>3516</Distance>			</RouteLink>			<RouteLink id="rl_2_17">				<From>					<StopPointRef>0600000027</StopPointRef>				</From>				<To>					<StopPointRef>0600000028</StopPointRef>				</To>				<Distance>3516</Distance>			</RouteLink>			<RouteLink id="rl_2_18">				<From>					<StopPointRef>0600000028</StopPointRef>				</From>				<To>					<StopPointRef>0600000029</StopPointRef>				</To>				<Distance>3516</Distance>			</RouteLink>			<RouteLink id="rl_2_19">				<From>					<StopPointRef>0600000029</StopPointRef>				</From>				<To>					<StopPointRef>0600000030</StopPointRef>				</To>				<Distance>3516</Distance>			</RouteLink>			<RouteLink id="rl_2_20">				<From>					<StopPointRef>0600000030</StopPointRef>				</From>				<To>					<StopPointRef>0600000031</StopPointRef>				</To>				<Distance>3516</Distance>			</RouteLink>			<RouteLink id="rl_2_21">				<From>					<StopPointRef>0600000031</StopPointRef>				</From>				<To>					<StopPointRef>0600000032</StopPointRef>				</To>				<Distance>3516</Distance>			</RouteLink>			<RouteLink id="rl_2_22">				<From>					<StopPointRef>0600000032</StopPointRef>				</From>				<To>					<StopPointRef>0600000033</StopPointRef>				</To>				<Distance>3516</Distance>			</RouteLink>			<RouteLink id="rl_2_23">				<From>					<StopPointRef>0600000033</StopPointRef>				</From>				<To>					<StopPointRef>0600000034</StopPointRef>				</To>				<Distance>3516</Distance>			</RouteLink>			<RouteLink id="rl_2_24">				<From>					<StopPointRef>0600000034</StopPointRef>				</From>				<To>					<StopPointRef>0600000036</StopPointRef>				</To>				<Distance>3516</Distance>			</RouteLink>			<RouteLink id="rl_2_25">				<From>					<StopPointRef>0600000036</StopPointRef>				</From>				<To>					<StopPointRef>0600000037</StopPointRef>				</To>				<Distance>3516</Distance>			</RouteLink>		</RouteSection>	</RouteSections>	<Routes>		<Route id="6750">			<Description xml:lang="en">Suborn, Bus Station to Egham, Golden Lion</Description>			<RouteSectionRef>rs_1</RouteSectionRef>			<RouteSectionRef>rs_2</RouteSectionRef>		</Route>	</Routes>	<JourneyPatternSections>		<JourneyPatternSection id="js_1">			<JourneyPatternTimingLink id="jptl_1">				<From>					<Activity>pickUp</Activity>					<StopPointRef>0600000001</StopPointRef>					<TimingStatus>PTP</TimingStatus>				</From>				<To>					<StopPointRef>0600000002</StopPointRef>					<TimingStatus>PTP</TimingStatus>				</To>				<RouteLinkRef>rl_1</RouteLinkRef>				<RunTime>PT20M</RunTime>			</JourneyPatternTimingLink>			<JourneyPatternTimingLink id="jptl_2">				<From>					<StopPointRef>0600000002</StopPointRef>					<TimingStatus>PTP</TimingStatus>				</From>				<To>					<StopPointRef>0600000003</StopPointRef>					<TimingStatus>PTP</TimingStatus>				</To>				<RouteLinkRef>rl_2</RouteLinkRef>				<RunTime>PT20M</RunTime>			</JourneyPatternTimingLink>			<JourneyPatternTimingLink id="jptl_3">				<From>					<StopPointRef>0600000003</StopPointRef>					<TimingStatus>PTP</TimingStatus>				</From>				<To>					<StopPointRef>0600000004</StopPointRef>					<TimingStatus>PTP</TimingStatus>				</To>				<RouteLinkRef>rl_3</RouteLinkRef>				<RunTime>PT10M</RunTime>			</JourneyPatternTimingLink>			<JourneyPatternTimingLink id="jptl_4">				<From>					<StopPointRef>0600000004</StopPointRef>					<TimingStatus>PTP</TimingStatus>				</From>				<To>					<Activity>setDown</Activity>					<StopPointRef>0600000005</StopPointRef>					<TimingStatus>PTP</TimingStatus>				</To>				<RouteLinkRef>rl_4</RouteLinkRef>				<RunTime>PT10M</RunTime>			</JourneyPatternTimingLink>			<JourneyPatternTimingLink id="jptl_5">				<From>					<StopPointRef>0600000005</StopPointRef>					<TimingStatus>PTP</TimingStatus>				</From>				<To>					<Activity>setDown</Activity>					<StopPointRef>0600000011</StopPointRef>					<TimingStatus>PTP</TimingStatus>				</To>				<RouteLinkRef>rl_5</RouteLinkRef>				<RunTime>PT10M</RunTime>			</JourneyPatternTimingLink>		</JourneyPatternSection>		<JourneyPatternSection id="js_2">			<JourneyPatternTimingLink id="jptl_2_1">				<From>					<StopPointRef>0600000011</StopPointRef>					<TimingStatus>PTP</TimingStatus>				</From>				<To>					<StopPointRef>0600000012</StopPointRef>					<TimingStatus>PTP</TimingStatus>				</To>				<RouteLinkRef>rl_2_1</RouteLinkRef>				<RunTime>PT20M</RunTime>			</JourneyPatternTimingLink>			<JourneyPatternTimingLink id="jptl_2_2">				<From>					<StopPointRef>0600000012</StopPointRef>					<TimingStatus>PTP</TimingStatus>				</From>				<To>					<StopPointRef>0600000013</StopPointRef>					<TimingStatus>PTP</TimingStatus>				</To>				<RouteLinkRef>rl_2_2</RouteLinkRef>				<RunTime>PT20M</RunTime>			</JourneyPatternTimingLink>			<JourneyPatternTimingLink id="jptl_2_3">				<From>					<StopPointRef>0600000013</StopPointRef>					<TimingStatus>PTP</TimingStatus>				</From>				<To>					<StopPointRef>0600000014</StopPointRef>					<TimingStatus>PTP</TimingStatus>				</To>				<RouteLinkRef>rl_2_3</RouteLinkRef>				<RunTime>PT10M</RunTime>			</JourneyPatternTimingLink>			<JourneyPatternTimingLink id="jptl_2_4">				<From>					<StopPointRef>0600000014</StopPointRef>					<TimingStatus>PTP</TimingStatus>				</From>				<To>					<StopPointRef>0600000015</StopPointRef>					<TimingStatus>PTP</TimingStatus>				</To>				<RouteLinkRef>rl_2_4</RouteLinkRef>				<RunTime>PT10M</RunTime>			</JourneyPatternTimingLink>			<JourneyPatternTimingLink id="jptl_2_5">				<From>					<StopPointRef>0600000015</StopPointRef>					<TimingStatus>PTP</TimingStatus>				</From>				<To>					<StopPointRef>0600000016</StopPointRef>					<TimingStatus>PTP</TimingStatus>				</To>				<RouteLinkRef>rl_2_5</RouteLinkRef>				<RunTime>PT00M</RunTime>			</JourneyPatternTimingLink>			<JourneyPatternTimingLink id="jptl_2_6">				<From>					<StopPointRef>0600000016</StopPointRef>					<TimingStatus>PTP</TimingStatus>				</From>				<To>					<StopPointRef>0600000017</StopPointRef>					<TimingStatus>PTP</TimingStatus>				</To>				<RouteLinkRef>rl_2_6</RouteLinkRef>				<RunTime>PT10M</RunTime>			</JourneyPatternTimingLink>			<JourneyPatternTimingLink id="jptl_2_7">				<From>					<StopPointRef>0600000017</StopPointRef>					<TimingStatus>PTP</TimingStatus>				</From>				<To>					<StopPointRef>0600000018</StopPointRef>					<TimingStatus>PTP</TimingStatus>				</To>				<RouteLinkRef>rl_2_7</RouteLinkRef>				<RunTime>PT10M</RunTime>			</JourneyPatternTimingLink>			<JourneyPatternTimingLink id="jptl_2_8">				<From>					<StopPointRef>0600000018</StopPointRef>					<TimingStatus>PTP</TimingStatus>				</From>				<To>					<StopPointRef>0600000019</StopPointRef>					<TimingStatus>PTP</TimingStatus>				</To>				<RouteLinkRef>rl_2_8</RouteLinkRef>				<RunTime>PT10M</RunTime>			</JourneyPatternTimingLink>			<JourneyPatternTimingLink id="jptl_2_9">				<From>					<StopPointRef>0600000019</StopPointRef>					<TimingStatus>PTP</TimingStatus>				</From>				<To>					<StopPointRef>0600000020</StopPointRef>					<TimingStatus>PTP</TimingStatus>				</To>				<RouteLinkRef>rl_2_9</RouteLinkRef>				<RunTime>PT00M</RunTime>			</JourneyPatternTimingLink>			<JourneyPatternTimingLink id="jptl_2_10">				<From>					<StopPointRef>0600000020</StopPointRef>					<TimingStatus>PTP</TimingStatus>				</From>				<To>					<StopPointRef>0600000021</StopPointRef>					<TimingStatus>PTP</TimingStatus>				</To>				<RouteLinkRef>rl_2_10</RouteLinkRef>				<RunTime>PT10M</RunTime>			</JourneyPatternTimingLink>			<JourneyPatternTimingLink id="jptl_2_11">				<From>					<StopPointRef>0600000021</StopPointRef>					<TimingStatus>PTP</TimingStatus>				</From>				<To>					<StopPointRef>0600000022</StopPointRef>					<TimingStatus>PTP</TimingStatus>				</To>				<RouteLinkRef>rl_2_11</RouteLinkRef>				<RunTime>PT10M</RunTime>			</JourneyPatternTimingLink>			<JourneyPatternTimingLink id="jptl_2_12">				<From>					<StopPointRef>0600000022</StopPointRef>					<TimingStatus>PTP</TimingStatus>				</From>				<To>					<StopPointRef>0600000023</StopPointRef>					<TimingStatus>PTP</TimingStatus>				</To>				<RouteLinkRef>rl_2_12</RouteLinkRef>				<RunTime>PT20M</RunTime>			</JourneyPatternTimingLink>			<JourneyPatternTimingLink id="jptl_2_13">				<From>					<StopPointRef>0600000023</StopPointRef>					<TimingStatus>PTP</TimingStatus>				</From>				<To>					<StopPointRef>0600000024</StopPointRef>					<TimingStatus>PTP</TimingStatus>				</To>				<RouteLinkRef>rl_2_13</RouteLinkRef>				<RunTime>PT10M</RunTime>			</JourneyPatternTimingLink>			<JourneyPatternTimingLink id="jptl_2_14">				<From>					<StopPointRef>0600000024</StopPointRef>					<TimingStatus>PTP</TimingStatus>				</From>				<To>					<StopPointRef>0600000025</StopPointRef>					<TimingStatus>PTP</TimingStatus>				</To>				<RouteLinkRef>rl_2_14</RouteLinkRef>				<RunTime>PT10M</RunTime>			</JourneyPatternTimingLink>			<JourneyPatternTimingLink id="jptl_2_15">				<From>					<StopPointRef>0600000025</StopPointRef>					<TimingStatus>PTP</TimingStatus>				</From>				<To>					<StopPointRef>0600000026</StopPointRef>					<TimingStatus>PTP</TimingStatus>				</To>				<RouteLinkRef>rl_2_15</RouteLinkRef>				<RunTime>PT10M</RunTime>			</JourneyPatternTimingLink>			<JourneyPatternTimingLink id="jptl_2_16">				<From>					<StopPointRef>0600000026</StopPointRef>					<TimingStatus>PTP</TimingStatus>				</From>				<To>					<StopPointRef>0600000027</StopPointRef>					<TimingStatus>PTP</TimingStatus>				</To>				<RouteLinkRef>rl_2_16</RouteLinkRef>				<RunTime>PT10M</RunTime>			</JourneyPatternTimingLink>			<JourneyPatternTimingLink id="jptl_2_17">				<From>					<StopPointRef>0600000027</StopPointRef>					<TimingStatus>PTP</TimingStatus>				</From>				<To>					<StopPointRef>0600000028</StopPointRef>					<TimingStatus>PTP</TimingStatus>				</To>				<RouteLinkRef>rl_2_17</RouteLinkRef>				<RunTime>PT10M</RunTime>			</JourneyPatternTimingLink>			<JourneyPatternTimingLink id="jptl_2_18">				<From>					<StopPointRef>0600000028</StopPointRef>					<TimingStatus>PTP</TimingStatus>				</From>				<To>					<StopPointRef>0600000029</StopPointRef>					<TimingStatus>PTP</TimingStatus>				</To>				<RouteLinkRef>rl_2_18</RouteLinkRef>				<RunTime>PT10M</RunTime>			</JourneyPatternTimingLink>			<JourneyPatternTimingLink id="jptl_2_19">				<From>					<StopPointRef>0600000029</StopPointRef>					<TimingStatus>PTP</TimingStatus>				</From>				<To>					<StopPointRef>0600000030</StopPointRef>					<TimingStatus>PTP</TimingStatus>				</To>				<RouteLinkRef>rl_2_19</RouteLinkRef>				<RunTime>PT10M</RunTime>			</JourneyPatternTimingLink>			<JourneyPatternTimingLink id="jptl_2_20">				<From>					<StopPointRef>0600000030</StopPointRef>					<TimingStatus>PTP</TimingStatus>				</From>				<To>					<StopPointRef>0600000031</StopPointRef>					<TimingStatus>PTP</TimingStatus>				</To>				<RouteLinkRef>rl_2_20</RouteLinkRef>				<RunTime>PT10M</RunTime>			</JourneyPatternTimingLink>			<JourneyPatternTimingLink id="jptl_2_21">				<From>					<StopPointRef>0600000031</StopPointRef>					<TimingStatus>PTP</TimingStatus>				</From>				<To>					<StopPointRef>0600000032</StopPointRef>					<TimingStatus>PTP</TimingStatus>				</To>				<RouteLinkRef>rl_2_21</RouteLinkRef>				<RunTime>PT10M</RunTime>			</JourneyPatternTimingLink>			<JourneyPatternTimingLink id="jptl_2_22">				<From>					<StopPointRef>0600000032</StopPointRef>					<TimingStatus>PTP</TimingStatus>				</From>				<To>					<StopPointRef>0600000033</StopPointRef>					<TimingStatus>PTP</TimingStatus>				</To>				<RouteLinkRef>rl_2_22</RouteLinkRef>				<RunTime>PT10M</RunTime>			</JourneyPatternTimingLink>			<JourneyPatternTimingLink id="jptl_2_23">				<From>					<StopPointRef>0600000033</StopPointRef>					<TimingStatus>PTP</TimingStatus>				</From>				<To>					<StopPointRef>0600000034</StopPointRef>					<TimingStatus>PTP</TimingStatus>				</To>				<RouteLinkRef>rl_2_23</RouteLinkRef>				<RunTime>PT10M</RunTime>			</JourneyPatternTimingLink>			<JourneyPatternTimingLink id="jptl_2_24">				<From>					<StopPointRef>0600000034</StopPointRef>					<TimingStatus>PTP</TimingStatus>				</From>				<To>					<StopPointRef>0600000036</StopPointRef>					<TimingStatus>PTP</TimingStatus>				</To>				<RouteLinkRef>rl_2_24</RouteLinkRef>				<RunTime>PT10M</RunTime>			</JourneyPatternTimingLink>			<JourneyPatternTimingLink id="jptl_2_25">				<From>					<StopPointRef>0600000036</StopPointRef>					<TimingStatus>PTP</TimingStatus>				</From>				<To>					<StopPointRef>0600000037</StopPointRef>					<TimingStatus>PTP</TimingStatus>				</To>				<RouteLinkRef>rl_2_25</RouteLinkRef>				<RunTime>PT10M</RunTime>			</JourneyPatternTimingLink>		</JourneyPatternSection>	</JourneyPatternSections>	<Operators>		<LicensedOperator id="O1">			<NationalOperatorCode>ABC</NationalOperatorCode>			<OperatorCode>ABC</OperatorCode>			<OperatorShortName>ABC Buses</OperatorShortName>			<OperatorNameOnLicence>ABC Buses and Services</OperatorNameOnLicence>			<LicenceNumber>AB1234567</LicenceNumber>			<LicenceClassification>standardNational</LicenceClassification>			<EnquiryTelephoneNumber>				<TelNationalNumber>0207123456</TelNationalNumber>			</EnquiryTelephoneNumber>			<ContactTelephoneNumber>				<TelNationalNumber>0207654321</TelNationalNumber>			</ContactTelephoneNumber>			<OperatorAddresses>				<CorrespondenceAddress>					<apd:Line>45 City Road</apd:Line>					<apd:Line>Second Floor</apd:Line>					<apd:Line>Pent House</apd:Line>					<apd:Line>London</apd:Line>					<apd:PostCode>EC1V 3PH</apd:PostCode>				</CorrespondenceAddress>				<MiscellaneousAddress>					<apd:Line>12 Hamlet Avenue</apd:Line>					<apd:Line>35th Floor</apd:Line>					<apd:Line>Bodlington</apd:Line>					<apd:Line>Exeter</apd:Line>					<apd:PostCode>EX8 7TR</apd:PostCode>				</MiscellaneousAddress>			</OperatorAddresses>			<EmailAddress>enquires@ABCBuses.com</EmailAddress>		</LicensedOperator>	</Operators>	<Services>		<Service>			<ServiceCode>FIN50</ServiceCode>			<Lines>				<Line id="l_1">					<LineName>L1</LineName>				</Line>			</Lines>			<OperatingPeriod>				<StartDate>2004-09-22</StartDate>			</OperatingPeriod>			<ServiceClassification>				<NormalStopping/>			</ServiceClassification>			<RegisteredOperatorRef>O1</RegisteredOperatorRef>			<ServiceHasMirror>true</ServiceHasMirror>			<StopRequirements>				<NewStops>					<StopPointRef>0600000001</StopPointRef>				</NewStops>			</StopRequirements>			<SchematicMap>large.gif</SchematicMap>			<StandardService>				<Origin>Suborn</Origin>				<Destination>St James's Church</Destination>				<UseAllStopPoints>false</UseAllStopPoints>				<JourneyPattern id="jp_1">					<Direction>outbound</Direction>					<RouteRef>6750</RouteRef>					<JourneyPatternSectionRefs>js_1</JourneyPatternSectionRefs>					<JourneyPatternSectionRefs>js_2</JourneyPatternSectionRefs>				</JourneyPattern>			</StandardService>		</Service>	</Services>	<VehicleJourneys>		<VehicleJourney>			<VehicleJourneyCode>vj_1</VehicleJourneyCode>			<ServiceRef>FIN50</ServiceRef>			<LineRef>l_1</LineRef>			<JourneyPatternRef>jp_1</JourneyPatternRef>			<DepartureTime>07:00:00</DepartureTime>		</VehicleJourney>		<VehicleJourney>			<VehicleJourneyCode>vj_2</VehicleJourneyCode>			<ServiceRef>FIN50</ServiceRef>			<LineRef>l_1</LineRef>			<VehicleJourneyRef>vj_1</VehicleJourneyRef>			<DepartureTime>08:00:00</DepartureTime>		</VehicleJourney>		<VehicleJourney>			<VehicleJourneyCode>vj_3</VehicleJourneyCode>			<ServiceRef>FIN50</ServiceRef>			<LineRef>l_1</LineRef>			<VehicleJourneyRef>vj_1</VehicleJourneyRef>			<DepartureTime>08:30:00</DepartureTime>		</VehicleJourney>		<VehicleJourney>			<VehicleJourneyCode>vj_4</VehicleJourneyCode>			<ServiceRef>FIN50</ServiceRef>			<LineRef>l_1</LineRef>			<VehicleJourneyRef>vj_1</VehicleJourneyRef>			<DepartureTime>09:00:00</DepartureTime>		</VehicleJourney>		<VehicleJourney>			<VehicleJourneyCode>vj_5</VehicleJourneyCode>			<ServiceRef>FIN50</ServiceRef>			<LineRef>l_1</LineRef>			<VehicleJourneyRef>vj_1</VehicleJourneyRef>			<DepartureTime>09:30:00</DepartureTime>		</VehicleJourney>		<VehicleJourney>			<VehicleJourneyCode>vj_6</VehicleJourneyCode>			<ServiceRef>FIN50</ServiceRef>			<LineRef>l_1</LineRef>			<VehicleJourneyRef>vj_1</VehicleJourneyRef>			<DepartureTime>10:15:00</DepartureTime>		</VehicleJourney>		<VehicleJourney>			<VehicleJourneyCode>vj_7</VehicleJourneyCode>			<ServiceRef>FIN50</ServiceRef>			<LineRef>l_1</LineRef>			<VehicleJourneyRef>vj_1</VehicleJourneyRef>			<DepartureTime>10:32:00</DepartureTime>		</VehicleJourney>		<VehicleJourney>			<VehicleJourneyCode>vj_8</VehicleJourneyCode>			<ServiceRef>FIN50</ServiceRef>			<LineRef>l_1</LineRef>			<VehicleJourneyRef>vj_1</VehicleJourneyRef>			<DepartureTime>10:40:00</DepartureTime>		</VehicleJourney>		<VehicleJourney>			<VehicleJourneyCode>vj_9</VehicleJourneyCode>			<ServiceRef>FIN50</ServiceRef>			<LineRef>l_1</LineRef>			<VehicleJourneyRef>vj_1</VehicleJourneyRef>			<DepartureTime>11:02:00</DepartureTime>		</VehicleJourney>		<VehicleJourney>			<VehicleJourneyCode>vj_10</VehicleJourneyCode>			<ServiceRef>FIN50</ServiceRef>			<LineRef>l_1</LineRef>			<VehicleJourneyRef>vj_1</VehicleJourneyRef>			<DepartureTime>11:14:00</DepartureTime>		</VehicleJourney>		<VehicleJourney>			<VehicleJourneyCode>vj_11</VehicleJourneyCode>			<ServiceRef>FIN50</ServiceRef>			<LineRef>l_1</LineRef>			<VehicleJourneyRef>vj_1</VehicleJourneyRef>			<DepartureTime>11:24:00</DepartureTime>		</VehicleJourney>		<VehicleJourney>			<VehicleJourneyCode>vj_12</VehicleJourneyCode>			<ServiceRef>FIN50</ServiceRef>			<LineRef>l_1</LineRef>			<VehicleJourneyRef>vj_1</VehicleJourneyRef>			<DepartureTime>11:44:00</DepartureTime>		</VehicleJourney>		<VehicleJourney>			<VehicleJourneyCode>vj_13</VehicleJourneyCode>			<ServiceRef>FIN50</ServiceRef>			<LineRef>l_1</LineRef>			<VehicleJourneyRef>vj_1</VehicleJourneyRef>			<DepartureTime>12:00:00</DepartureTime>		</VehicleJourney>		<VehicleJourney>			<VehicleJourneyCode>vj_14</VehicleJourneyCode>			<ServiceRef>FIN50</ServiceRef>			<LineRef>l_1</LineRef>			<VehicleJourneyRef>vj_1</VehicleJourneyRef>			<DepartureTime>12:12:00</DepartureTime>		</VehicleJourney>		<VehicleJourney>			<VehicleJourneyCode>vj_15</VehicleJourneyCode>			<ServiceRef>FIN50</ServiceRef>			<LineRef>l_1</LineRef>			<VehicleJourneyRef>vj_1</VehicleJourneyRef>			<DepartureTime>12:30:00</DepartureTime>		</VehicleJourney>		<VehicleJourney>			<VehicleJourneyCode>vj_16</VehicleJourneyCode>			<ServiceRef>FIN50</ServiceRef>			<LineRef>l_1</LineRef>			<VehicleJourneyRef>vj_1</VehicleJourneyRef>			<DepartureTime>12:47:00</DepartureTime>		</VehicleJourney>		<VehicleJourney>			<VehicleJourneyCode>vj_17</VehicleJourneyCode>			<ServiceRef>FIN50</ServiceRef>			<LineRef>l_1</LineRef>			<VehicleJourneyRef>vj_1</VehicleJourneyRef>			<DepartureTime>13:06:00</DepartureTime>		</VehicleJourney>		<VehicleJourney>			<VehicleJourneyCode>vj_18</VehicleJourneyCode>			<ServiceRef>FIN50</ServiceRef>			<LineRef>l_1</LineRef>			<VehicleJourneyRef>vj_1</VehicleJourneyRef>			<DepartureTime>13:24:00</DepartureTime>		</VehicleJourney>		<VehicleJourney>			<VehicleJourneyCode>vj_19</VehicleJourneyCode>			<ServiceRef>FIN50</ServiceRef>			<LineRef>l_1</LineRef>			<VehicleJourneyRef>vj_1</VehicleJourneyRef>			<DepartureTime>13:44:00</DepartureTime>		</VehicleJourney>		<VehicleJourney>			<VehicleJourneyCode>vj_20</VehicleJourneyCode>			<ServiceRef>FIN50</ServiceRef>			<LineRef>l_1</LineRef>			<VehicleJourneyRef>vj_1</VehicleJourneyRef>			<DepartureTime>13:58:00</DepartureTime>		</VehicleJourney>		<VehicleJourney>			<VehicleJourneyCode>vj_21</VehicleJourneyCode>			<ServiceRef>FIN50</ServiceRef>			<LineRef>l_1</LineRef>			<VehicleJourneyRef>vj_1</VehicleJourneyRef>			<DepartureTime>14:20:00</DepartureTime>			<Frequency>				<EndTime>15:00:00</EndTime>				<Interval>					<ScheduledFrequency>PT10M</ScheduledFrequency>				</Interval>				<FrequentService>false</FrequentService>			</Frequency>		</VehicleJourney>		<VehicleJourney>			<VehicleJourneyCode>vj_22</VehicleJourneyCode>			<ServiceRef>FIN50</ServiceRef>			<LineRef>l_1</LineRef>			<VehicleJourneyRef>vj_1</VehicleJourneyRef>			<DepartureTime>15:00:00</DepartureTime>			<Frequency>				<EndTime>16:00:00</EndTime>				<Interval>					<ScheduledFrequency>PT12M</ScheduledFrequency>				</Interval>				<FrequentService>false</FrequentService>			</Frequency>		</VehicleJourney>		<VehicleJourney>			<VehicleJourneyCode>vj_23</VehicleJourneyCode>			<ServiceRef>FIN50</ServiceRef>			<LineRef>l_1</LineRef>			<VehicleJourneyRef>vj_1</VehicleJourneyRef>			<DepartureTime>16:00:00</DepartureTime>			<Frequency>				<EndTime>17:00:00</EndTime>				<Interval>					<ScheduledFrequency>PT20M</ScheduledFrequency>				</Interval>				<FrequentService>false</FrequentService>			</Frequency>		</VehicleJourney>		<VehicleJourney>			<VehicleJourneyCode>vj_24</VehicleJourneyCode>			<ServiceRef>FIN50</ServiceRef>			<LineRef>l_1</LineRef>			<VehicleJourneyRef>vj_1</VehicleJourneyRef>			<DepartureTime>17:00:00</DepartureTime>			<Frequency>				<EndTime>18:00:00</EndTime>				<Interval>					<ScheduledFrequency>PT20M</ScheduledFrequency>				</Interval>				<FrequentService>false</FrequentService>			</Frequency>		</VehicleJourney>		<VehicleJourney>			<VehicleJourneyCode>vj_25</VehicleJourneyCode>			<ServiceRef>FIN50</ServiceRef>			<LineRef>l_1</LineRef>			<VehicleJourneyRef>vj_1</VehicleJourneyRef>			<DepartureTime>17:00:00</DepartureTime>			<Frequency>				<EndTime>18:00:00</EndTime>				<Interval>					<ScheduledFrequency>PT20M</ScheduledFrequency>				</Interval>				<FrequentService>false</FrequentService>			</Frequency>		</VehicleJourney>		<VehicleJourney>			<VehicleJourneyCode>vj_26</VehicleJourneyCode>			<ServiceRef>FIN50</ServiceRef>			<LineRef>l_1</LineRef>			<VehicleJourneyRef>vj_1</VehicleJourneyRef>			<DepartureTime>18:00:00</DepartureTime>			<Frequency>				<EndTime>19:00:00</EndTime>				<Interval>					<ScheduledFrequency>PT25M</ScheduledFrequency>				</Interval>				<FrequentService>false</FrequentService>			</Frequency>		</VehicleJourney>		<VehicleJourney>			<VehicleJourneyCode>vj_27</VehicleJourneyCode>			<ServiceRef>FIN50</ServiceRef>			<LineRef>l_1</LineRef>			<VehicleJourneyRef>vj_1</VehicleJourneyRef>			<DepartureTime>19:00:00</DepartureTime>			<Frequency>				<EndTime>20:00:00</EndTime>				<Interval>					<ScheduledFrequency>PT30M</ScheduledFrequency>				</Interval>				<FrequentService>false</FrequentService>			</Frequency>		</VehicleJourney>	</VehicleJourneys>	<Registrations>		<Registration>			<ServiceRef>FIN50</ServiceRef>			<SubmissionDate>2004-03-04</SubmissionDate>			<VosaRegistrationNumber>				<TanCode>PB</TanCode>				<LicenceNumber>1234567</LicenceNumber>				<RegistrationNumber>001</RegistrationNumber>			</VosaRegistrationNumber>			<ApplicationClassification>new</ApplicationClassification>			<VariationNumber>1</VariationNumber>			<SubmissionAuthor>				<Position>Operations Director</Position>				<Title>Mr</Title>				<Forename>Adam</Forename>				<Surname>Smith</Surname>			</SubmissionAuthor>			<TrafficAreas>				<TrafficArea>					<TrafficAreaName>Western</TrafficAreaName>				</TrafficArea>			</TrafficAreas>			<CirculatedAuthorities>				<CirculatedAuthority>					<AuthorityName>Bristol</AuthorityName>				</CirculatedAuthority>			</CirculatedAuthorities>			<SubsidyDetails>				<NoSubsidy/>			</SubsidyDetails>		</Registration>	</Registrations>	<SupportingDocuments>		<SupportingDocument>			<DocumentUri>index.html</DocumentUri>		</SupportingDocument>	</SupportingDocuments></TransXChange>